{"cameraMode":{"drawMode":0,"name":"Shaded","section":"Shading Mode"},"sceneLighting":true,"audioPlay":false,"sceneViewState":{"showFog":true,"showMaterialUpdate":false,"showSkybox":true,"showFlares":true,"showImageEffects":true,"showParticleSystems":true},"in2DMode":false,"pivot":{"x":17.297008514404298,"y":2.4363269805908205,"z":-5.688915252685547},"rotation":{"x":0.020056892186403276,"y":0.9791234731674194,"z":-0.16184021532535554,"w":0.12134239822626114},"size":10.0,"orthographic":false}